<?xml version="1.0"?>
<!--<!DOCTYPE metadata SYSTEM "http://www.esri.com/metadata/esriprof80.dtd">-->
<metadata xml:lang="en"><Esri><CreaDate>20080507</CreaDate><CreaTime>17021000</CreaTime><SyncOnce>TRUE</SyncOnce><MetaID>{8683EB68-D047-4FE3-B2FD-820678A6CFFA}</MetaID></Esri><idinfo><citation><citeinfo><onlink Sync="TRUE">\\BIRCH\H$\CARBON_FOR_CDIAC\datasets\c_1km</onlink></citeinfo></citation></idinfo><distInfo><distributor><distorTran><onLineSrc><linkage Sync="TRUE">file://\\BIRCH\H$\CARBON_FOR_CDIAC\datasets\c_1km</linkage><protocol Sync="TRUE">Local Area Network</protocol></onLineSrc></distorTran></distributor></distInfo><dataqual><lineage><procstep><procdesc Sync="TRUE">Dataset copied.</procdesc><srcused Sync="TRUE">C:\WorkSpace\FINAL_DATASETS\c_1km</srcused><date Sync="TRUE">20080507</date><time Sync="TRUE">17021000</time></procstep></lineage></dataqual></metadata>
