<?xml version="1.0"?>
<!--<!DOCTYPE metadata SYSTEM "http://www.esri.com/metadata/esriprof80.dtd">-->
<metadata xml:lang="en"><Esri><CreaDate>20080507</CreaDate><CreaTime>17015200</CreaTime><SyncOnce>TRUE</SyncOnce><MetaID>{EC9E5190-DA1E-4FD3-954B-7814697D7EEF}</MetaID></Esri><idinfo><citation><citeinfo><onlink Sync="TRUE">\\BIRCH\H$\CARBON_FOR_CDIAC\datasets\c_5m</onlink></citeinfo></citation></idinfo><distInfo><distributor><distorTran><onLineSrc><linkage Sync="TRUE">file://\\BIRCH\H$\CARBON_FOR_CDIAC\datasets\c_5m</linkage><protocol Sync="TRUE">Local Area Network</protocol></onLineSrc></distorTran></distributor></distInfo><dataqual><lineage><procstep><procdesc Sync="TRUE">Dataset copied.</procdesc><srcused Sync="TRUE">C:\WorkSpace\FINAL_DATASETS\c_5m</srcused><date Sync="TRUE">20080507</date><time Sync="TRUE">17015200</time></procstep></lineage></dataqual></metadata>
